"Position","Name","Type","Signal","Label"
"1","PE2","I/O","SAI1_MCLK_A","BT_I2S_MCLK"
"2","PE3","I/O","SAI1_SD_B","FM_I2S_SD"
"3","PE4","I/O","SAI1_FS_A","BT_I2S_FS"
"4","PE5","I/O","SAI1_SCK_A","BT_I2S_SCK"
"5","PE6","I/O","SAI1_SD_A","BT_I2S_SD"
"6","VSS","Power","",""
"7","VDD","Power","",""
"8","VBAT","Power","",""
"9","PI8","I/O","",""
"10","PC13","I/O","",""
"11","PC14-OSC32_IN (OSC32_IN)","I/O","RCC_OSC32_IN","LSE_IN_+"
"12","PC15-OSC32_OUT (OSC32_OUT)","I/O","RCC_OSC32_OUT","LSE_IN_-"
"13","PI9","I/O","",""
"14","PI10","I/O","",""
"15","PI11","I/O","",""
"16","VSS","Power","",""
"17","VDD","Power","",""
"18","VSSSMPS","Power","",""
"19","VLXSMPS","Power","",""
"20","VDDSMPS","Power","",""
"21","VFBSMPS","Power","",""
"22","PF0","I/O","I2C2_SDA","TOUCH_SDA"
"23","PF1","I/O","I2C2_SCL","TOUCH_SCL"
"24","PF2","Output","GPIO_Output","TOUCH_RST"
"25","PF3","I/O","GPIO_EXTI3",""
"26","PF4","I/O","",""
"27","PF5","I/O","",""
"28","VSS","Power","",""
"29","VDD","Power","",""
"30","PF6","I/O","",""
"31","PF7","I/O","SAI1_MCLK_B","FM_I2S_MCLK"
"32","PF8","I/O","SAI1_SCK_B","FM_I2S_SCK"
"33","PF9","I/O","SAI1_FS_B","FM_I2S_FS"
"34","PF10","I/O","",""
"35","PH0-OSC_IN (PH0)","I/O","RCC_OSC_IN","HSE_IN_+"
"36","PH1-OSC_OUT (PH1)","I/O","RCC_OSC_OUT","HSE_IN_-"
"37","NRST","Reset","",""
"38","PC0","I/O","",""
"39","PC1","I/O","",""
"40","PC2_C","I/O","",""
"41","PC3_C","I/O","",""
"42","VSSA","Power","",""
"43","VREF+","MonoIO","",""
"44","VDDA","Power","",""
"45","PA0","I/O","SAI2_SD_B","OUT_I2S_SD"
"46","PA1","I/O","SAI2_MCLK_B","OUT_I2S_MCLK"
"47","PA2","I/O","SAI2_SCK_B","OUT_I2S_SCK"
"48","PH2","I/O","",""
"49","VDD","Power","",""
"50","VSS","Power","",""
"51","PH3","I/O","",""
"52","PH4","I/O","",""
"53","PH5","I/O","",""
"54","PA3","I/O","USART2_RX","RS485_RX"
"55","VSS","Power","",""
"56","VDD","Power","",""
"57","PA4","I/O","",""
"58","PA5","I/O","SPI1_SCK","LED_SPI_SCK"
"59","PA6","I/O","SPI1_MISO","LED_SPI_MISO"
"60","PA7","I/O","SPI1_MOSI","LED_SPI_MOSI"
"61","PC4","I/O","",""
"62","PC5","Input","GPIO_Input","BTN_SRC"
"63","PB0","Input","GPIO_Input","BTN_MENU"
"64","PB1","Input","GPIO_Input","BTN_PLAY/STOP"
"65","PB2","Input","GPIO_Input","BTN_PREV"
"66","PI15","Input","GPIO_Input","BTN_NEXT"
"67","PF11","Input","GPIO_Input","BTN_CALL_TAKE"
"68","PF12","Input","GPIO_Input","BTN_CALL_CUT"
"69","PF13","I/O","",""
"70","PF14","I/O","",""
"71","PF15","I/O","",""
"72","PG0","I/O","",""
"73","VSS","Power","",""
"74","VDD","Power","",""
"75","PG1","I/O","",""
"76","PE7","I/O","",""
"77","PE8","I/O","",""
"78","PE9","I/O","TIM1_CH1","ENCODER_A"
"79","VSS","Power","",""
"80","VDD","Power","",""
"81","PE10","I/O","",""
"82","PE11","I/O","TIM1_CH2","ENCODER_B"
"83","PE12","I/O","",""
"84","PE13","I/O","SAI2_FS_B","OUT_I2S_FS"
"85","PE14","I/O","",""
"86","PE15","I/O","",""
"87","PB10","I/O","",""
"88","PB11","I/O","",""
"89","VCAP","Power","",""
"90","VSS","Power","",""
"91","VDDLDO","Power","",""
"92","PH6","I/O","",""
"93","PH7","I/O","",""
"94","PH8","I/O","",""
"95","PH9","I/O","",""
"96","PH10","I/O","",""
"97","PH11","I/O","",""
"98","PH12","I/O","",""
"99","VSS","Power","",""
"100","VDD","Power","",""
"101","PB12","I/O","",""
"102","PB13","I/O","",""
"103","PB14","I/O","USB_OTG_HS_DM","USBC_DM"
"104","PB15","I/O","USB_OTG_HS_DP","USBC_DP"
"105","PD8","I/O","",""
"106","PD9","I/O","",""
"107","PD10","I/O","",""
"108","VDD","Power","",""
"109","VSS","Power","",""
"110","PD11","I/O","SAI2_SD_A","AUX_I2S_SD"
"111","PD12","I/O","SAI2_FS_A","AUX_I2S_FS"
"112","PD13","I/O","SAI2_SCK_A","AUX_I2S_SCK"
"113","VSS","Power","",""
"114","VDD","Power","",""
"115","PD14","I/O","",""
"116","PD15","I/O","",""
"117","VDD","Power","",""
"118","VSS","Power","",""
"119","VCAPDSI","Power","",""
"120","VDD12DSI","Power","",""
"121","DSI_D0P","MonoIO","DSIHOST_D0P",""
"122","DSI_D0N","MonoIO","DSIHOST_D0N",""
"123","VSSDSI","Power","",""
"124","DSI_CKP","MonoIO","DSIHOST_CKP",""
"125","DSI_CKN","MonoIO","DSIHOST_CKN",""
"126","VDD12DSI","Power","",""
"127","DSI_D1P","MonoIO","DSIHOST_D1P",""
"128","DSI_D1N","MonoIO","DSIHOST_D1N",""
"129","VSSDSI","Power","",""
"130","PG2","Output","GPIO_Output","DSI_XRES"
"131","PG3","Output","GPIO_Output","PMIC_CTRL"
"132","VSS","Power","",""
"133","VDD","Power","",""
"134","PG4","Output","GPIO_Output","VDDIO_EN"
"135","PG5","Output","GPIO_Output","VCI_EN"
"136","PG6","I/O","",""
"137","PG7","I/O","",""
"138","PG8","I/O","",""
"139","VSS","Power","",""
"140","VDD50_USB","Power","",""
"141","VDD33_USB","Power","",""
"142","PC6","I/O","",""
"143","PC7","I/O","",""
"144","PC8","I/O","SDMMC1_D0",""
"145","PC9","I/O","SDMMC1_D1",""
"146","PA8","I/O","",""
"147","PA9","I/O","",""
"148","PA10","I/O","",""
"149","PA11","I/O","USB_OTG_FS_DM","USBA_DM"
"150","PA12","I/O","USB_OTG_FS_DP","USBA_DP"
"151","PA13 (JTMS/SWDIO)","I/O","DEBUG_JTMS-SWDIO",""
"152","VCAP","Power","",""
"153","VSS","Power","",""
"154","VDDLDO","Power","",""
"155","VDD","Power","",""
"156","PH13","I/O","",""
"157","PH14","I/O","",""
"158","PH15","I/O","",""
"159","PI0","I/O","",""
"160","VSS","Power","",""
"161","VDD","Power","",""
"162","PI1","I/O","",""
"163","PI2","I/O","",""
"164","PI3","I/O","",""
"165","PA14 (JTCK/SWCLK)","I/O","DEBUG_JTCK-SWCLK",""
"166","PA15 (JTDI)","I/O","DSIHOST_TE",""
"167","PC10","I/O","SDMMC1_D2",""
"168","PC11","I/O","SDMMC1_D3",""
"169","PC12","I/O","SDMMC1_CK",""
"170","PD0","Input","GPIO_Input","SD_Detect"
"171","PD1","I/O","",""
"172","PD2","I/O","SDMMC1_CMD",""
"173","PD3","I/O","",""
"174","PD4","I/O","USART2_DE","RS485_DE"
"175","PD5","I/O","USART2_TX","RS485_TX"
"176","PD6","I/O","",""
"177","PD7","I/O","",""
"178","VSS","Power","",""
"179","VDD","Power","",""
"180","PG9","I/O","",""
"181","PG10","I/O","",""
"182","PG11","I/O","",""
"183","PG12","I/O","",""
"184","PG13","I/O","",""
"185","PG14","I/O","",""
"186","VSS","Power","",""
"187","VDD","Power","",""
"188","PG15","I/O","",""
"189","PB3 (JTDO/TRACESWO)","I/O","",""
"190","PB4 (NJTRST)","I/O","",""
"191","PB5","I/O","",""
"192","PB6","I/O","I2C1_SCL",""
"193","PB7","I/O","I2C1_SDA",""
"194","BOOT0","Boot","",""
"195","PB8","I/O","",""
"196","PB9","I/O","",""
"197","PE0","I/O","SAI2_MCLK_A","AUX_I2S_MCLK"
"198","PE1","I/O","",""
"199","VCAP","Power","",""
"200","VSS","Power","",""
"201","PDR_ON","Power","",""
"202","VDDLDO","Power","",""
"203","PI4","I/O","",""
"204","PI5","I/O","",""
"205","PI6","I/O","",""
"206","PI7","I/O","",""
"207","VSS","Power","",""
"208","VDD","Power","",""
